username,count
0w0,58
10sion,70
3xHCCH,276
851222,339
=G=,129
AKS-6,87
A_Different_Drummer,148
Aaron1375,264
AaronCapenBanner,187
AbhiMathews,55
Agent10,175
AhmedSpielberg99,122
AirBourne_Bds,50
Al_The_Strange,134
Alanjackd,77
Alexander_Blanchett,68
AlsExGal,110
Aly200,82
AmyJenson1995,57
Amyth47,163
Andres-Camara,85
Andy-296,52
Angelus2,135
Angeneer,86
Angry_Arguer,87
Animany94,96
AnishMisra,64
Anonymous_Maxine,258
Antagonisten,97
Anurag-Shetty,172
Aoi_kdr,66
ArchonCinemaReviews,73
Argemaluco,122
ArtVandelayImporterExporter,52
Atreyu_II,75
AudioFileZ,87
AvidClimber,121
Badmoviessuck,55
BandSAboutMovies,82
Barky44,83
Ben_Cheshire,57
BeneCumb,155
Benjamin-M-Weilert,192
Benjamin_Cox,60
Bob Pr.,51
Bob-45,73
Bogmeister,50
Bored_Dragon,329
BoydudeReviews,53
Boyo-2,121
Bravesfan17,63
BroadswordCallinDannyBoy,114
Bruce722,95
Buddy-51,310
Bunuel1976,115
C22Man,69
CANpatbuck3664,88
CMTiago,86
Calicodreamin,63
Captain_Couth,66
Carycomic,73
Catherine_Grace_Zeh,79
CelluRob,50
Chalice_Of_Evil,69
CharltonBoy,115
Chris Knipp,116
Chris_Docker,185
ChristianUnchained,65
Christian_Dimartino,168
Christopher_Reid,57
Chuck-149,53
CineCritic2517,56
CineMuseFilms,52
Cineanalyst,80
CinemaSerf,91
CinematicInceptions,201
Cirene404,74
ClaytonDavis,123
Cocacolaguy912-2,65
Cosmoeticadotcom,72
CountZero313,67
Coventry,166
Coxer99,89
CrassActionHero,66
Cristi_Ciopron,55
CubsandCulture,135
CuriosityKilledShawn,174
DICK STEEL,339
DJAkin,115
DKosty123,276
Dan1863Sickles,67
Danny_G13,57
Danusha_Goska,155
DareDevilKid,80
DarkVulcan29,290
Darkside-Reviewer,77
DarthBill,64
DarthVoorhees,126
Darth_Osmosis,130
DavidSim240183,103
DavidYZ,71
David_Frames,64
Deckard-16,54
DeeNine-2,97
Didier-Becu,50
Dockelektro,70
DonFishies,162
Doylenf,145
Dr_Coulardeau,240
Dragonsouls,90
DunnDeeDaGreat,88
EUyeshima,163
Ed-Shullivan,54
Edvis-1997,54
EijnarAmadeus,195
Electrified_Voltage,114
ElijahCSkuggs,53
Elswet,214
EmmettvanHalm,56
EmperorNortonII,89
Enchorde,181
Endless_01,53
Equalizer16,59
Eternality,99
EthanBJones_03,163
Eumenides_0,60
EvLauster,62
ExpendableMan,64
FairlyAnonymous,73
FallenEye,84
FeastMode,342
Fella_shibby,59
Fields201,53
Figgy66-915-598470,81
FilmCriticLalitRao,58
FilmFanInTheHouse,136
FilmFanatic03,57
FilmMan47,89
FilmMuscle,60
FilmOtaku,122
Flagrant-Baronessa,127
FlickJunkie-2,79
Floated2,348
Fluke_Skywalker,187
FrankBooth_DeLarge,54
GOWBTW,119
Galina_movie_fan,117
Geeky Randy,149
Genti22,53
GeorgeRoots,129
Gideon24,52
GiraffeDoor,216
GirishGowda,56
Gresh854,64
Gubby-Allen,70
HelenMary,81
Hellmant,328
Hey_Sweden,165
Hollywood_Yoda,109
Horror-yo,94
HotToastyRag,103
Howlin Wolf,142
I_Am_The_Taylrus,56
I_Love_Spielberg,55
Imdbidia,86
Indy-52,66
InlyCii,88
Irishchatter,142
Isaac5855,50
J_Batek_II,84
Jack the Ripper1888,53
Jackpollins,52
Jacques98,85
JakeBrinkman,71
JamesHitchcock,260
James_De_Bello,104
Jared_Andrews,50
JayPatton88,59
Jay_Exiomo,79
JaydoDre,76
Jeremy_Urquhart,50
Jerghal,58
Jerique,78
Jithindurden,55
Jo_Blo_Movie_Critic,117
JoeB131,79
JoeKarlosi,86
JohnRayPeterson,75
Johnny-the-Film-Sentinel-2187,180
Jonathon_Natsis,70
Jonny_Numb,135
JoshtheGiant,72
K3nzit,136
KUAlum26,152
KalKenobi83,213
Karl Self,53
Kdosda_Hegen,182
KeremUlucay,70
KnightsofNi11,151
Kubris,93
L_Copa,69
La Gremlin,74
Laakbaar,136
Lady_Targaryen,119
LazySod,114
LebowskiT1000,91
Lejink,238
LeonardKniffel,68
Lewis_Heather787,68
Likes_Ninjas90,139
Lily_hoho,75
LivingDog,68
LloydBayer,96
LoneWolfAndCub,101
Luigi Di Pilla,186
MBunge,85
MCMAYNERBERRY,93
MF210,78
MGPT80,66
MJB784,72
MOscarbradley,139
MR_Heraclius,222
Macleanie,71
Majikat76,79
Maleplatypus,76
Maniac-9,105
Manthorpe,52
Marc_Israel_365,158
MartianOctocretr5,95
Marwan-Bob,59
Marx_Bros_Fan86,59
MattBrady099,74
Matt_Layden,215
MattyAndAnnika,86
MaxBorg89,219
MaximumMadness,149
Maziun,67
Meven_Stoffat,80
Michael Kenmore,58
MichaelMRamey,89
MichaelMargetis,99
MickeyTheConstant,53
MihaiSorinToma,154
Mike_Devine,81
MikesIDhasbeentaken,56
MissSimonetta,76
Mitch-25,59
Mnemosyne15,89
Monotreme02,79
Movie Nuttball,118
Movie-12,72
MovieAddict2016,327
MovieCriticOnline,59
MovieGuy109,105
MovieManMenzel,52
MovieZoo,52
MrDHWong,120
MrGKB,86
MrPupkin,111
Mr_Sensitive,107
Muhammad_Rafeeq,155
NateWatchesCoolMovies,119
Nazi_Fighter_David,97
OMTR,55
Offworld_Colony,128
Okonh0wp,60
OllieSuave-007,234
OriginalMovieBuff21,176
OttoVonB,85
Ozzy2000,59
PIST-OFF,73
PWNYCNY,296
PartialMovieViewer,104
PassPopcorn,56
PatrynXX,103
Pavel-8,73
Peach-2,74
Pedro_H,107
PersianPlaya408,117
PetarNeo,82
Petey-10,101
Philby-3,65
PipAndSqueak,66
Polaris_DiB,129
Pooooh,66
Prashast_Singh,68
PredragReviews,73
Prichards12345,80
ProjectAnomaly,98
Pukeonthestreet,70
Pumpkin_Man,101
PyroSikTh,93
Quebec_Dragon,77
Quicksand,56
Quietb-1,147
RCWjr,70
RIK-22,59
RJBurke1942,57
RNMorton,163
RainDogJr,101
Rainey-Dawn,138
Ramascreen,61
Rammstein-2,93
RatedVforVinny,99
Rectangular_businessman,117
Red-125,75
Red-Barracuda,122
Rendanlovell,63
Reno-Rangan,136
RevRonster,71
RforFilm,149
RhapsodyReviews,52
Ric-7,52
Rich B,82
RichardSRussell-1,51
Richie-67-485852,81
RickHarvey,55
Rickting,151
Rob_Taylor,131
Rogue-32,82
RossRivero99,158
RussHog,64
Ryan_MYeah,90
SAMTHEBESTEST,52
SKG-2,74
SMLA11,67
SafReviews,78
Samiam3,136
Sandcooler,104
Scarecrow-88,86
Scars_Remain,57
Screen_Blitz,278
SeminolePhenom,60
Semisonic,75
Seraphion,225
Sergeant_Tibbs,149
Sfpsycho415,62
ShelbyTMItchell,126
Sherazade,76
ShootingShark,175
Shyinx,54
Silverzero,50
SimonJack,80
Sirus_the_Virus,220
Sleepin_Dragon,64
SmileysWorld,150
SnakesOnAnAfricanPlain,90
SonicStuart,56
Spanner-2,85
Sparrowmaniac,53
Spike-Washington,106
Spleen,158
Spondonman,86
Spuzzlightyear,54
SquigglyCrunch,154
Stampsfightclub,241
Steffi_P,97
StevePulaski,334
StonedMagician,60
Superunknovvn,105
Sylviastel,168
TOMASBBloodhound,81
TOMNEL,151
Takethispunch,214
TalesfromTheCryptfan,66
Tcarts76,50
TdSmth5,89
Tehmeh,76
Terryfan,98
Thanos_Alfie,164
Thanos_Karagioras,117
Thats_some_scary_stuff_Reviews,97
The Grand Master,76
TheBlueHairedLawyer,72
TheHande,67
TheHoodOfSwords,83
TheMan3051,70
TheMovieDiorama,332
TheNabOwnzz,52
TheNorthernMonkee,115
TheOneThatYouWanted,144
TheSquiss,107
TheUnknown837-1,152
The_Amazing_Spy_Rises,89
The_Core,65
The_Movie_Cat,91
The_Orenda,73
The_Void,165
The_Wood,56
Thrashman88,51
TopDawgCritic,158
Treyroo,50
Troy_Campbell,247
Tss5078,134
Turfseer,222
Tweetienator,170
Tyson14,60
UniqueParticle,173
Uriah43,176
Vivekmaru45,90
WeAreLive,73
Wisesoldierthe6,77
Woodyanders,50
WriterDave,144
WubsTheFadger,66
Wuchakk,275
XweAponX,96
Zbigniew_Krycsiwiki,69
Ziya90,110
a_chinn,69
abcvision,60
abouhelier-r,79
acedj,86
achyutaghosh,66
aciessi,124
ackstasis,145
adamscastlevania2,100
adrongardner,84
aesgaard41,65
afonsobritofalves,75
agmoldham,280
aharmas,289
aidanratesmovies,88
ajs-10,124
akash_sebastian,85
alansabljakovic-39044,207
alcantaraj-16594,89
alexpitt-345-971699,61
alindsay-al,316
allanmichael30,55
aminifatimaaa,50
andrewchristianjr,154
andrewnmiller,59
andrewroy-04316,115
andro-dolic,63
anhedonia,64
anselmdaniel,104
antagonist117,55
anthonydapiii,82
anton-6,79
antoniotierno,119
apararas,60
aram81,73
areatw,229
arfdawg-1,70
arjunflamingfeather,146
arthera09,74
arthur_tafero,61
arthurclay,50
asda-man,91
asifahsankhan,83
asocialis,52
atinder,88
atlasmb,109
austin0731,88
autisticreviewers,58
avik-basu1889,62
axismladen,53
axlrhodes,73
ayoreinf,61
badajoz-1,80
bandw,81
bankofmarquis,154
barbagvido,53
barberoux,62
barnabyrudge,83
barrys82,92
basilisksamuk,53
basrutten,92
bat-5,66
baumer,131
bbewnylorac,82
begob,59
beresfordjd,58
bevo-13678,290
bgar-80932,62
bheadher,80
bhernandez2216,83
billcr12,199
billion_mucks,71
billygoat1071,117
bix171,82
bkrauser-81-311064,164
blackburnj-1,69
blacklist-1,80
blackmamba99971,80
blairgallop7,58
blanbrn,252
blanche-2,266
bluesman-20,56
blumdeluxe,66
bob-rutzel-1,187
bob-the-movie-man,128
bobbobwhite,58
bobsgrock,125
bombersflyup,77
bopdog,83
bowmanblue,349
braddugg,122
bradeybonnell,50
brando647,273
brankovranjkovic,90
bravesfanc,54
brchthethird,144
breakdownthatfilm-blogspot-com,124
brenttraft,78
brett-76260,51
brian_r_wright,50
brianberta,90
bryanbezter,69
bryank-04844,99
bsinc,87
buiger,73
burlesonjesse5,104
callanvass,255
calspers,61
capone666,331
carbuff,60
cardsrock,61
carlos37andre,66
caseynicholson,88
caspian1978,72
cat_ranchero,91
cdjh-81125,123
charchuk,133
cherold,305
chrichtonsworld,54
chrisbrown6453,93
christian123,55
christophe92300,107
christopher-underwood,70
christophershobris,53
chubarova,50
cinematic_aficionado,72
cinephile-27690,67
ciscokid1970,59
classicalsteve,128
claudonio,59
cleary-joshua,59
cliftonofun,120
coasterdude44,63
colewaters,77
colinrgeorge,62
colonel_green,62
come2whereimfrom,80
commandercool88,55
coreyjdenford,69
cosmo_tiger,196
cosmorados,68
craig-hopton,80
critic-22,51
cruise01,110
ctowyi,59
cultfilmfan,157
cultfilmfreaksdotcom,98
dallasryan,50
danielharden,54
dar0417,159
datautisticgamer-74853,52
datorsiers2,64
dave-mcclain,81
davideo-2,282
davidgee,108
davidmvining,113
davispittman,238
davydteather,57
dbborroughs,236
dbdumonteil,94
dead47548,102
deastman_uk,69
deatman9,130
dee.reid,281
deloudelouvain,169
denis888,166
departed07,137
destinylives52,64
dfa120374,75
dfle3,124
dfranzen70,349
diac228,168
diane-34,57
didi-5,71
dierregi,94
digitalbeachbum,124
dilipbts,127
dineshaishu,54
disdressed12,323
dj_xand325,51
djfrost-46786,77
djurrepower,58
dobbin-4,66
dockerykelli,106
doctorsmoothlove,50
domino1003,54
donaldricco,56
donuthaters12,50
doomedmac,117
dpolwatte,78
dr_foreman,57
dragokin,84
drawlife,60
dromasca,297
droog-56936,59
drownnnsoda,61
drqshadow-reviews,332
drystyx,91
dunmore_ego,227
dvc5159,94
dworldeater,58
dwpollar,140
dy158,61
e-67102-48412,92
eagandersongil,127
eberkerbatur,69
ebiros2,75
eddie_baggins,230
educallejero,170
edwagreen,322
elcopy,59
elicopperman,54
elliotjeory,55
elshikh4,108
emfern13,61
eminkl,51
emperor_bender,97
eric262003,158
ericrnolan,51
ericstevenson,92
ersinkdotcom,57
eshwarmail,88
esteban1747,69
estebangonzalez10,317
estreet-eva,102
evan_harvey,52
extravaluejotter,53
f-57307,113
fernandoschiavi,87
fertilecelluloid,66
fil-nik09,53
film_riot,56
fjhuerta-2,87
fmwongmd,60
fntstcplnt,103
framptonhollis,58
freakfire-1,52
freaky_dave,94
fredericksmith1952,51
freewillyfan,57
freshclean-66-318608,54
funkyfry,141
funtasticfour,94
fwomp,149
g-96059,73
gab-14712,69
galahad58-1,70
galileo3,145
gangstahippie,97
garethcrook,57
gary-444,100
gavin-thelordofthefu-48-460297,76
gavinp9,106
gazzo-2,81
gbheron,92
gbill-74877,101
gcd70,150
gelman@attglobal.net,92
generationofswine,171
ghost_dog86,72
ghostfiendghost,102
gigan-92,164
gilgongo1980,136
gradyharp,299
grahamsj3,113
gregeichelberger,66
gregsrants,106
griffolyon12,203
grumpy-3,66
gsygsy,74
gwnightscream,216
h-28658,107
hall895,206
harryplinkett14,88
haterofcrap,64
headly66,53
heisenberg12,88
hellraiser7,59
helpless_dancer,100
hemant_balz,105
henry8-3,65
hnt_dnl,108
honorhorror,76
howard.schumann,154
hoxjennifer,54
hu675,173
ianlouisiana,96
iguth,70
illbebackreviews,125
ilovedolby,53
imseeg,195
inkblot11,159
insomniac_rod,150
intelearts,106
invisibleunicornninja,195
iohefy-2,97
iquine,157
itamarscomix,102
ivo-cobra8,133
j-lacerra,56
ja_kitty_71,59
jackasstrange,85
jackgdemoss,59
jacobjohntaylor1,258
jadavix,59
jaddison383,58
jadepietro,226
jaemiewaters,97
jake-law123,87
jameslinton-75252,54
jamesrupert2014,111
jamiedarlow-37510,57
japamo,53
jaredmobarak,164
jaredpahl,65
jawneyfloros,58
jaybob,143
jayjaycee,65
jb_campo,88
jburtroald95,57
jcbutthead86,73
jdkraus,244
jemps918,84
jerekra,54
jessegehrig,68
jessie-39,51
jfgibson73,107
jhaggardjr,61
jhclues,85
jimbo-53-186511,228
jldmp1,62
jluis1984,61
joachimokeefe,64
joebloggscity,120
joelwatchesmovies,64
joestank15,81
johnmschofield,57
johnnymacbest,72
johnnymonsarrat,100
johnstonjames,53
jon.h.ochiai,234
jonnyfendi,71
jose-cruz53,93
josh_lambert1991,169
joshbarton15,51
joshuadrake-39480,68
joshuadrake-91275,69
joshuafagan-64214,70
jotix100,136
jpintar,56
jpschapira,131
jrarichards,54
jtindahouse,191
jts0405,57
judywalker2,151
julian-mumford,63
juliankennedy23,72
juneebuggy,210
justin-fencsak,170
justinwfirestone,73
jzappa,234
kairingler,112
kannibalcorpsegrinder,73
karl_consiglio,50
kdnor2011,151
kenandraf,59
kenjha,239
kermitkid,95
ketgup83,120
kevin c,119
kevin_crighton,52
kgprophet,117
khanbaliq2,194
kirbylee70-599-526179,51
kirk-246,85
kjproulx,57
kluseba,114
krational66,133
kriscot-48548,52
kuangzao,102
kunalkhandwala,78
kurciasbezdalas,50
kyle-cruse,81
kylehodgdon,50
kz917-1,70
l_rawjalaurence,55
lagriff05,57
lagudafuad,141
lambiepie-2,115
lark40,172
lastliberal,321
lastliberal-853-253708,107
lasttimeisaw,277
ldavis-2,52
lediscipledessocrates,50
leftbanker-1,60
len-21,56
leonblackwood,214
leplatypus,260
lewiskendell,192
lisafordeay,216
lojitsu,50
lotus_chief,56
lucasversantvoort,62
luke-a-mcgowan,121
lukem-52760,101
mOVIemAN56,111
m_madhu,67
ma-cortes,291
mahmus,95
majikstl,58
malkane316,81
malmsteneino,110
manendra-lodhi,85
manitobaman81,90
marcus_stokes2000,56
mardalsfossen01,123
mario_c,59
mark.waltz,88
markgorman,112
marmar-69780,293
martinrobertson300482,79
masonsaul,152
mat-mcnaughton-254-33257,53
matej-trkanjec-133-920386,51
matlefebvre20,58
matthewssilverhammer,262
mattkratz,112
mattymatt4ever,64
maurice_yacowar,82
mcsheehey,69
meeza,324
mentalcritic,96
mgd_m,65
mgruebel,80
mhasheider,66
mhorg2018,59
michael_the_nermal,53
michaelradny,50
michaeltrivedi,174
midas-jacobs,51
miguelneto-74936,344
mikayakatnt,164
mike48128,93
minister_of_silly_walks,65
mirosuionitsaki2,52
mistoppi,70
mitchell5954,53
mitsubishizero,55
mjneu59,61
mjw2305,202
mm-39,337
mnpollio,55
monstermayhem32,85
morganstephens512,67
morrison-dylan-fan,149
moutonbear25,67
movieguy1021,119
moviemanMA,117
movieman_kev,84
moviemattb,50
moviesleuth2,109
moviewiz-4,62
moviewizguy,262
moviexclusive,92
mr_bickle_the_pickle,54
mr_popcorn,65
msbreviews,90
mstomaso,94
muvi-fan-73,125
nairtejas,167
nancyldraper,69
napierslogs,72
natashabowiepinky,63
native_girl333,52
nicholls905-280-546911,116
nicholls_les,58
nickmesafilms,153
nicolechan916,92
nmholland,70
nobbytatoes,89
nogodnomasters,344
noralee,120
nycritic,98
oOoBarracuda,101
ofpsmith,96
oneguyrambling,145
oneloveall,108
onepotato2,113
oscaralbert,133
osj2507,109
ozjeppe,50
p-jonsson,80
p-stepien,101
palavitsinis,61
patrick_dunne,59
paudie,77
paul-allaer,95
paul2001sw-1,242
paul_haakonsen,266
paulclaassen,246
pc95,190
peefyn,60
pennyelenabooks,107
pere-25366,57
perfectbond,70
petarmatic,147
peterdeluca-14183,55
peterp-450-298716,101
petra_ste,96
pfgpowell-1,81
phd_travel,252
philip_vanderveken,137
philthegreatone-786-63058,69
phubbs,78
pinkliz41,115
pmtelefon,108
poe426,165
pokemon_trainer_lucas,55
policy134,87
poolandrews,127
popculturethoughts,95
powermandan,116
preppy-3,310
proud_luddite,112
ptb-8,54
punchp,121
pyrocitor,228
questl-18592,115
quincytheodore,64
quinimdb,53
quinnox-1,52
r-48240,78
r96sk,56
rachelrose-87356,198
rainking_es,73
rajatdahiyax,132
rajdoctor,89
rannynm,90
raphaklopper,97
raulfaust,130
raypdaley182,99
rbn_lrk-1,85
rbrb,76
rbverhoef,88
rcolgan,58
rebecca-ry,58
rebeljenn,137
redkiwi,94
redryan64,61
refresh_daemon,65
renegadeviking-271-528568,59
revival05,61
rgkarim,119
richard-1787,58
richieandsam,102
rivertam26,96
robert-710-767167,70
robert-temple-1,52
robfollower,76
robsta23,90
rockman182,89
roedyg,61
ronakkotian,54
rooee,89
room102,78
rosscinema,90
rossrobinson,51
rparham,74
rubenm,54
runamokprods,63
russem31,80
ryan_kuhn,82
ryanskywalker-87402,63
rzajac,58
s3276169,57
saadanathan,90
saadgkhan,89
saarvardi,72
sakram,53
sam_smithreview,70
samyaksambuddha,73
sandnair87,94
santiagocosme,66
saraccan,50
sarastro7,72
sashank_kini-1,82
sauravjoshi85,216
saytosandeep,80
sbweightman,95
scb_coldsteel,53
schroeder-gustavo,85
scottshak_111,102
screenman,104
seaview1,75
seawalker,58
secondtake,212
secretzfan,51
sergelamarche,63
shadowman123,71
shakercoola,66
shanfloyd,61
sharky_55,138
shawneofthedead,67
shiguangmimi,73
siderite,326
skepticskeptical,55
skybrick736,58
slightlymad22,252
slokes,154
smakawhat,62
smatysia,149
sme_no_densetsu,286
socrates99,109
socratesadamo,59
sol1218,64
southdavid,75
squirrel_burst,55
srdjan_veljkovic,50
sreeragmeppadath,60
sstrunks-05245,112
ssvikas,55
st-shot,107
stamper,127
statuskuo,67
stensson,128
stephendaxter,54
sterlinrivera-2000,67
stevendbeard,191
stevenrotherforth,66
stevetseitz,52
stonedraim,57
stormhawk2020,51
strike-1995,76
strong-122-478885,129
studioAT,169
subxerogravity,127
sunznc,54
supertom-3,98
suri_ramneek-2,82
swilliky,163
t-viktor212,74
tadpole-596-918256,53
tankace,103
tastyhotdogs,104
tavm,290
taylorkingston,85
tbills2,117
tburke85,130
tdrish,90
teh_mode,62
tgchan,56
the-movie-guy,70
thebrandedswordsman-34028,69
thebricks,56
theinaniloquent,115
thekarmicnomad,64
thekyles99,61
themadmovieman,55
thepriceofpayne,75
theshadow908,106
thesouthfamily2-552-707097,76
theterminator-92378,56
thewillt08,74
thinker1691,190
thomasjay-2201,85
tinovalkki,64
tjgoalie13,53
tnrcooper,59
tomgillespie2002,317
tomimt,145
tomrito,61
tomsview,69
tonypeacock-1,63
toqtaqiya2,53
trashgang,133
tributarystu,52
triple8,116
troy-manatunga,54
troyputland,87
trublu215,66
truemythmedia,174
tubby1,69
undeaddt,95
utgard14,120
vailsy,63
valadas,191
valleyjohn,115
vengeance20,81
videorama-759-859391,85
vincentlynch-moonoi,51
vip_ebriega,158
virek213,85
virindra,61
vishaal811,52
vistheindian,50
vitaleralphlouis,82
vithiet,193
vostf,68
waynegavin1,59
werefox08,88
wes-connors,180
westsideschl,56
whpratt1,98
willcundallreview,125
williampsamuel,96
winner55,59
wisemantonofski,59
wisewebwoman,73
witster18,91
writers_reign,190
wwe7961,77
x-54313,58
xredgarnetx,55
yashrajs536,89
yasir619,54
yoggwork,136
youthandyoungmanhood,68
yuzou-45815,59
zeekwunlau,172
zetes,317
zhyarTheChosen,193
zkonedog,349
zlx_zjlq,102
zzhhhqing,102
